1790339710,,idle,Client,ClientRead,1
1790339710,PostgreSQL JDBC Driver,idle,Client,ClientRead,30
1790339710,,idle,Client,ClientRead,1
1790339710,PostgreSQL JDBC Driver,idle,Client,ClientRead,30
1790339711,,idle,Client,ClientRead,1
1790339711,PostgreSQL JDBC Driver,idle,Client,ClientRead,30
1790339712,,idle,Client,ClientRead,1
1790339712,PostgreSQL JDBC Driver,idle,Client,ClientRead,30
1790339713,,idle,Client,ClientRead,1
1790339713,PostgreSQL JDBC Driver,active,CPU,CPU,1
1790339713,PostgreSQL JDBC Driver,idle,Client,ClientRead,29
1790339714,,idle,Client,ClientRead,1
1790339714,PostgreSQL JDBC Driver,active,CPU,CPU,1
1790339714,PostgreSQL JDBC Driver,idle,Client,ClientRead,29
1790339715,,idle,Client,ClientRead,1
1790339715,PostgreSQL JDBC Driver,active,CPU,CPU,1
1790339715,PostgreSQL JDBC Driver,idle,Client,ClientRead,29
1790339716,,idle,Client,ClientRead,1
1790339716,PostgreSQL JDBC Driver,active,CPU,CPU,1
1790339716,PostgreSQL JDBC Driver,idle,Client,ClientRead,29
1790339717,,idle,Client,ClientRead,1
1790339717,PostgreSQL JDBC Driver,idle,Client,ClientRead,30
1790339718,,idle,Client,ClientRead,1
1790339718,PostgreSQL JDBC Driver,idle,Client,ClientRead,30
1790339719,,idle,Client,ClientRead,1
1790339719,PostgreSQL JDBC Driver,idle,Client,ClientRead,30
1790339720,,idle,Client,ClientRead,1
1790339720,PostgreSQL JDBC Driver,idle,Client,ClientRead,30
1790339721,,idle,Client,ClientRead,1
1790339721,PostgreSQL JDBC Driver,idle,Client,ClientRead,30
1790339722,,idle,Client,ClientRead,1
1790339722,PostgreSQL JDBC Driver,active,CPU,CPU,1
1790339722,PostgreSQL JDBC Driver,idle,Client,ClientRead,29
1790339723,,idle,Client,ClientRead,1
1790339723,PostgreSQL JDBC Driver,active,CPU,CPU,1
1790339723,PostgreSQL JDBC Driver,idle,Client,ClientRead,29
1790339724,,idle,Client,ClientRead,1
1790339724,PostgreSQL JDBC Driver,active,CPU,CPU,1
1790339724,PostgreSQL JDBC Driver,idle,Client,ClientRead,29
1790339725,,idle,Client,ClientRead,1
1790339725,PostgreSQL JDBC Driver,active,CPU,CPU,1
1790339725,PostgreSQL JDBC Driver,idle,Client,ClientRead,29
1790339726,,idle,Client,ClientRead,1
1790339726,PostgreSQL JDBC Driver,idle,Client,ClientRead,30
1790339727,,idle,Client,ClientRead,1
1790339727,PostgreSQL JDBC Driver,idle,Client,ClientRead,30
1790339728,,idle,Client,ClientRead,1
1790339728,PostgreSQL JDBC Driver,idle,Client,ClientRead,30
1790339729,,idle,Client,ClientRead,1
1790339729,PostgreSQL JDBC Driver,idle,Client,ClientRead,30
1790339730,,idle,Client,ClientRead,1
1790339730,PostgreSQL JDBC Driver,idle,Client,ClientRead,30
1790339731,,idle,Client,ClientRead,1
1790339731,PostgreSQL JDBC Driver,active,CPU,CPU,1
1790339731,PostgreSQL JDBC Driver,idle,Client,ClientRead,29
1790339732,,idle,Client,ClientRead,1
1790339732,PostgreSQL JDBC Driver,active,CPU,CPU,1
1790339732,PostgreSQL JDBC Driver,idle,Client,ClientRead,29
1790339733,,idle,Client,ClientRead,1
1790339733,PostgreSQL JDBC Driver,active,CPU,CPU,1
1790339733,PostgreSQL JDBC Driver,idle,Client,ClientRead,29
1790339734,,idle,Client,ClientRead,1
1790339734,PostgreSQL JDBC Driver,active,CPU,CPU,1
1790339734,PostgreSQL JDBC Driver,idle,Client,ClientRead,29
1790339735,,idle,Client,ClientRead,1
1790339735,PostgreSQL JDBC Driver,idle,Client,ClientRead,30
1790339736,,idle,Client,ClientRead,1
1790339736,PostgreSQL JDBC Driver,idle,Client,ClientRead,30
1790339737,,idle,Client,ClientRead,1
1790339737,PostgreSQL JDBC Driver,idle,Client,ClientRead,30
1790339738,,idle,Client,ClientRead,1
1790339738,PostgreSQL JDBC Driver,idle,Client,ClientRead,30
1790339739,,idle,Client,ClientRead,1
1790339739,PostgreSQL JDBC Driver,idle,Client,ClientRead,30
1790339740,,idle,Client,ClientRead,1
1790339740,PostgreSQL JDBC Driver,active,CPU,CPU,1
1790339740,PostgreSQL JDBC Driver,idle,Client,ClientRead,29
1790339741,,idle,Client,ClientRead,1
1790339741,PostgreSQL JDBC Driver,active,CPU,CPU,1
1790339741,PostgreSQL JDBC Driver,idle,Client,ClientRead,29
1790339742,,idle,Client,ClientRead,1
1790339742,PostgreSQL JDBC Driver,active,CPU,CPU,1
1790339742,PostgreSQL JDBC Driver,idle,Client,ClientRead,29
1790339743,,idle,Client,ClientRead,1
1790339743,PostgreSQL JDBC Driver,active,CPU,CPU,1
1790339743,PostgreSQL JDBC Driver,idle,Client,ClientRead,29
1790339744,,idle,Client,ClientRead,1
1790339744,PostgreSQL JDBC Driver,idle,Client,ClientRead,30
1790339745,,idle,Client,ClientRead,1
1790339745,PostgreSQL JDBC Driver,idle,Client,ClientRead,30
1790339746,,idle,Client,ClientRead,1
1790339746,PostgreSQL JDBC Driver,idle,Client,ClientRead,30
1790339747,,idle,Client,ClientRead,1
1790339747,PostgreSQL JDBC Driver,idle,Client,ClientRead,30
1790339748,,idle,Client,ClientRead,1
1790339748,PostgreSQL JDBC Driver,idle,Client,ClientRead,30
1790339749,,idle,Client,ClientRead,1
1790339749,PostgreSQL JDBC Driver,active,CPU,CPU,1
1790339749,PostgreSQL JDBC Driver,idle,Client,ClientRead,29
1790339750,,idle,Client,ClientRead,1
1790339750,PostgreSQL JDBC Driver,active,CPU,CPU,1
1790339750,PostgreSQL JDBC Driver,idle,Client,ClientRead,29
1790339751,,idle,Client,ClientRead,1
1790339751,PostgreSQL JDBC Driver,active,CPU,CPU,1
1790339751,PostgreSQL JDBC Driver,idle,Client,ClientRead,29
1790339752,,idle,Client,ClientRead,1
1790339752,PostgreSQL JDBC Driver,active,CPU,CPU,1
1790339752,PostgreSQL JDBC Driver,idle,Client,ClientRead,29
1790339753,,idle,Client,ClientRead,1
1790339753,PostgreSQL JDBC Driver,idle,Client,ClientRead,30
1790339754,,idle,Client,ClientRead,1
1790339754,PostgreSQL JDBC Driver,idle,Client,ClientRead,30
1790339755,,idle,Client,ClientRead,1
1790339755,PostgreSQL JDBC Driver,idle,Client,ClientRead,30
1790339756,,idle,Client,ClientRead,1
1790339756,PostgreSQL JDBC Driver,idle,Client,ClientRead,30
1790339757,,idle,Client,ClientRead,1
1790339757,PostgreSQL JDBC Driver,idle,Client,ClientRead,30
1790339758,,idle,Client,ClientRead,1
1790339758,PostgreSQL JDBC Driver,active,CPU,CPU,1
1790339758,PostgreSQL JDBC Driver,idle,Client,ClientRead,29
1790339759,,idle,Client,ClientRead,1
1790339759,PostgreSQL JDBC Driver,active,CPU,CPU,1
1790339759,PostgreSQL JDBC Driver,idle,Client,ClientRead,29
1790339760,,idle,Client,ClientRead,1
1790339760,PostgreSQL JDBC Driver,active,CPU,CPU,1
1790339760,PostgreSQL JDBC Driver,idle,Client,ClientRead,29
1790339761,,idle,Client,ClientRead,1
1790339761,PostgreSQL JDBC Driver,active,CPU,CPU,1
1790339761,PostgreSQL JDBC Driver,idle,Client,ClientRead,29
1790339762,,idle,Client,ClientRead,1
1790339762,PostgreSQL JDBC Driver,idle,Client,ClientRead,30
1790339763,,idle,Client,ClientRead,1
1790339763,PostgreSQL JDBC Driver,idle,Client,ClientRead,30
1790339764,,idle,Client,ClientRead,1
1790339764,PostgreSQL JDBC Driver,idle,Client,ClientRead,30
1790339765,,idle,Client,ClientRead,1
1790339765,PostgreSQL JDBC Driver,idle,Client,ClientRead,30
1790339766,,idle,Client,ClientRead,1
1790339766,PostgreSQL JDBC Driver,idle,Client,ClientRead,30
1790339767,,idle,Client,ClientRead,1
1790339767,PostgreSQL JDBC Driver,active,CPU,CPU,1
1790339767,PostgreSQL JDBC Driver,idle,Client,ClientRead,29
1790339768,,idle,Client,ClientRead,1
1790339768,PostgreSQL JDBC Driver,active,CPU,CPU,1
1790339768,PostgreSQL JDBC Driver,idle,Client,ClientRead,29
1790339769,,idle,Client,ClientRead,1
1790339769,PostgreSQL JDBC Driver,active,CPU,CPU,1
1790339769,PostgreSQL JDBC Driver,idle,Client,ClientRead,29
1790339770,,idle,Client,ClientRead,1
1790339770,PostgreSQL JDBC Driver,active,CPU,CPU,1
1790339770,PostgreSQL JDBC Driver,idle,Client,ClientRead,29
1790339771,,idle,Client,ClientRead,1
1790339771,PostgreSQL JDBC Driver,idle,Client,ClientRead,30
1790339772,,idle,Client,ClientRead,1
1790339772,PostgreSQL JDBC Driver,idle,Client,ClientRead,30
1790339773,,idle,Client,ClientRead,1
1790339773,PostgreSQL JDBC Driver,idle,Client,ClientRead,30
1790339774,,idle,Client,ClientRead,1
1790339774,PostgreSQL JDBC Driver,idle,Client,ClientRead,30
1790339775,,idle,Client,ClientRead,1
1790339775,PostgreSQL JDBC Driver,idle,Client,ClientRead,30
1790339776,,idle,Client,ClientRead,1
1790339776,PostgreSQL JDBC Driver,active,CPU,CPU,1
1790339776,PostgreSQL JDBC Driver,idle,Client,ClientRead,29
1790339777,,idle,Client,ClientRead,1
1790339777,PostgreSQL JDBC Driver,active,CPU,CPU,1
1790339777,PostgreSQL JDBC Driver,idle,Client,ClientRead,29
1790339778,,idle,Client,ClientRead,1
1790339778,PostgreSQL JDBC Driver,active,CPU,CPU,1
1790339778,PostgreSQL JDBC Driver,idle,Client,ClientRead,29
1790339779,,idle,Client,ClientRead,1
1790339779,PostgreSQL JDBC Driver,active,CPU,CPU,1
1790339779,PostgreSQL JDBC Driver,idle,Client,ClientRead,29
1790339780,,idle,Client,ClientRead,1
1790339780,PostgreSQL JDBC Driver,idle,Client,ClientRead,30
1790339781,,idle,Client,ClientRead,1
1790339781,PostgreSQL JDBC Driver,idle,Client,ClientRead,30
1790339782,,idle,Client,ClientRead,1
1790339782,PostgreSQL JDBC Driver,idle,Client,ClientRead,30
1790339783,,idle,Client,ClientRead,1
1790339783,PostgreSQL JDBC Driver,idle,Client,ClientRead,30
1790339784,,idle,Client,ClientRead,1
1790339784,PostgreSQL JDBC Driver,idle,Client,ClientRead,30
1790339785,,idle,Client,ClientRead,1
1790339785,PostgreSQL JDBC Driver,active,CPU,CPU,1
1790339785,PostgreSQL JDBC Driver,idle,Client,ClientRead,29
1790339786,,idle,Client,ClientRead,1
1790339786,PostgreSQL JDBC Driver,active,CPU,CPU,1
1790339786,PostgreSQL JDBC Driver,idle,Client,ClientRead,29
1790339787,,idle,Client,ClientRead,1
1790339787,PostgreSQL JDBC Driver,active,CPU,CPU,1
1790339787,PostgreSQL JDBC Driver,idle,Client,ClientRead,29
1790339788,,idle,Client,ClientRead,1
1790339788,PostgreSQL JDBC Driver,active,CPU,CPU,1
1790339788,PostgreSQL JDBC Driver,idle,Client,ClientRead,29
1790339789,,idle,Client,ClientRead,1
1790339789,PostgreSQL JDBC Driver,idle,Client,ClientRead,30
1790339790,,idle,Client,ClientRead,1
1790339790,PostgreSQL JDBC Driver,idle,Client,ClientRead,30
1790339791,,idle,Client,ClientRead,1
1790339791,PostgreSQL JDBC Driver,idle,Client,ClientRead,30
1790339792,,idle,Client,ClientRead,1
1790339792,PostgreSQL JDBC Driver,idle,Client,ClientRead,30
1790339793,,idle,Client,ClientRead,1
1790339793,PostgreSQL JDBC Driver,idle,Client,ClientRead,30
1790339794,,idle,Client,ClientRead,1
1790339794,PostgreSQL JDBC Driver,active,CPU,CPU,1
1790339794,PostgreSQL JDBC Driver,idle,Client,ClientRead,29
1790339795,,idle,Client,ClientRead,1
1790339795,PostgreSQL JDBC Driver,active,CPU,CPU,1
1790339795,PostgreSQL JDBC Driver,idle,Client,ClientRead,29
1790339796,,idle,Client,ClientRead,1
1790339796,PostgreSQL JDBC Driver,active,CPU,CPU,1
1790339796,PostgreSQL JDBC Driver,idle,Client,ClientRead,29
1790339797,,idle,Client,ClientRead,1
1790339797,PostgreSQL JDBC Driver,active,CPU,CPU,1
1790339797,PostgreSQL JDBC Driver,idle,Client,ClientRead,29
1790339798,,idle,Client,ClientRead,1
1790339798,PostgreSQL JDBC Driver,idle,Client,ClientRead,30
1790339799,,idle,Client,ClientRead,1
1790339799,PostgreSQL JDBC Driver,idle,Client,ClientRead,30
1790339800,,idle,Client,ClientRead,1
1790339800,PostgreSQL JDBC Driver,idle,Client,ClientRead,30
1790339801,,idle,Client,ClientRead,1
1790339801,PostgreSQL JDBC Driver,idle,Client,ClientRead,30
1790339802,,idle,Client,ClientRead,1
1790339802,PostgreSQL JDBC Driver,idle,Client,ClientRead,30
1790339803,,idle,Client,ClientRead,1
1790339803,PostgreSQL JDBC Driver,active,CPU,CPU,1
1790339803,PostgreSQL JDBC Driver,idle,Client,ClientRead,29
1790339804,,idle,Client,ClientRead,1
1790339804,PostgreSQL JDBC Driver,active,CPU,CPU,1
1790339804,PostgreSQL JDBC Driver,idle,Client,ClientRead,29
1790339805,,idle,Client,ClientRead,1
1790339805,PostgreSQL JDBC Driver,active,CPU,CPU,1
1790339805,PostgreSQL JDBC Driver,idle,Client,ClientRead,29
1790339806,,idle,Client,ClientRead,1
1790339806,PostgreSQL JDBC Driver,active,CPU,CPU,1
1790339806,PostgreSQL JDBC Driver,idle,Client,ClientRead,29
1790339807,,idle,Client,ClientRead,1
1790339807,PostgreSQL JDBC Driver,idle,Client,ClientRead,30
1790339808,,idle,Client,ClientRead,1
1790339808,PostgreSQL JDBC Driver,idle,Client,ClientRead,30
1790339809,,idle,Client,ClientRead,1
1790339809,PostgreSQL JDBC Driver,idle,Client,ClientRead,30
1790339810,,idle,Client,ClientRead,1
1790339810,PostgreSQL JDBC Driver,idle,Client,ClientRead,30
1790339811,,idle,Client,ClientRead,1
1790339811,PostgreSQL JDBC Driver,idle,Client,ClientRead,30
1790339812,,idle,Client,ClientRead,1
1790339812,PostgreSQL JDBC Driver,active,CPU,CPU,1
1790339812,PostgreSQL JDBC Driver,idle,Client,ClientRead,29
1790339813,,idle,Client,ClientRead,1
1790339813,PostgreSQL JDBC Driver,active,CPU,CPU,1
1790339813,PostgreSQL JDBC Driver,idle,Client,ClientRead,29
1790339814,,idle,Client,ClientRead,1
1790339814,PostgreSQL JDBC Driver,active,CPU,CPU,1
1790339814,PostgreSQL JDBC Driver,idle,Client,ClientRead,29
1790339815,,idle,Client,ClientRead,1
1790339815,PostgreSQL JDBC Driver,active,CPU,CPU,1
1790339815,PostgreSQL JDBC Driver,idle,Client,ClientRead,29
1790339816,,idle,Client,ClientRead,1
1790339816,PostgreSQL JDBC Driver,idle,Client,ClientRead,30
1790339817,,idle,Client,ClientRead,1
1790339817,PostgreSQL JDBC Driver,idle,Client,ClientRead,30
1790339818,,idle,Client,ClientRead,1
1790339818,PostgreSQL JDBC Driver,idle,Client,ClientRead,30
1790339819,,idle,Client,ClientRead,1
1790339819,PostgreSQL JDBC Driver,idle,Client,ClientRead,30
1790339820,,idle,Client,ClientRead,1
1790339820,PostgreSQL JDBC Driver,idle,Client,ClientRead,30
1790339821,,idle,Client,ClientRead,1
1790339821,PostgreSQL JDBC Driver,active,CPU,CPU,1
1790339821,PostgreSQL JDBC Driver,idle,Client,ClientRead,29
1790339822,,idle,Client,ClientRead,1
1790339822,PostgreSQL JDBC Driver,active,CPU,CPU,1
1790339822,PostgreSQL JDBC Driver,idle,Client,ClientRead,29
1790339823,,idle,Client,ClientRead,1
1790339823,PostgreSQL JDBC Driver,active,CPU,CPU,1
1790339823,PostgreSQL JDBC Driver,idle,Client,ClientRead,29
1790339824,,idle,Client,ClientRead,1
1790339824,PostgreSQL JDBC Driver,active,CPU,CPU,1
1790339824,PostgreSQL JDBC Driver,idle,Client,ClientRead,29
1790339825,,idle,Client,ClientRead,1
1790339825,PostgreSQL JDBC Driver,idle,Client,ClientRead,30
1790339826,,idle,Client,ClientRead,1
1790339826,PostgreSQL JDBC Driver,idle,Client,ClientRead,30
1790339827,,idle,Client,ClientRead,1
1790339827,PostgreSQL JDBC Driver,idle,Client,ClientRead,30
1790339828,,idle,Client,ClientRead,1
1790339828,PostgreSQL JDBC Driver,idle,Client,ClientRead,30
1790339829,,idle,Client,ClientRead,1
1790339829,PostgreSQL JDBC Driver,idle,Client,ClientRead,30
1790339830,,idle,Client,ClientRead,1
1790339830,PostgreSQL JDBC Driver,active,CPU,CPU,1
1790339830,PostgreSQL JDBC Driver,idle,Client,ClientRead,29
1790339831,,idle,Client,ClientRead,1
1790339831,PostgreSQL JDBC Driver,active,CPU,CPU,1
1790339831,PostgreSQL JDBC Driver,idle,Client,ClientRead,29
1790339832,,idle,Client,ClientRead,1
1790339832,PostgreSQL JDBC Driver,active,CPU,CPU,1
1790339832,PostgreSQL JDBC Driver,idle,Client,ClientRead,29
1790339833,,idle,Client,ClientRead,1
1790339833,PostgreSQL JDBC Driver,active,CPU,CPU,1
1790339833,PostgreSQL JDBC Driver,idle,Client,ClientRead,29
1790339834,,idle,Client,ClientRead,1
1790339834,PostgreSQL JDBC Driver,idle,Client,ClientRead,30
1790339835,,idle,Client,ClientRead,1
1790339835,PostgreSQL JDBC Driver,idle,Client,ClientRead,30
1790339836,,idle,Client,ClientRead,1
1790339836,PostgreSQL JDBC Driver,idle,Client,ClientRead,30
1790339837,,idle,Client,ClientRead,1
1790339837,PostgreSQL JDBC Driver,idle,Client,ClientRead,30
1790339838,,idle,Client,ClientRead,1
1790339838,PostgreSQL JDBC Driver,idle,Client,ClientRead,30
1790339839,,idle,Client,ClientRead,1
1790339839,PostgreSQL JDBC Driver,active,CPU,CPU,1
1790339839,PostgreSQL JDBC Driver,idle,Client,ClientRead,29
1790339840,,idle,Client,ClientRead,1
1790339840,PostgreSQL JDBC Driver,active,CPU,CPU,1
1790339840,PostgreSQL JDBC Driver,idle,Client,ClientRead,29
1790339841,,idle,Client,ClientRead,1
1790339841,PostgreSQL JDBC Driver,active,CPU,CPU,1
1790339841,PostgreSQL JDBC Driver,idle,Client,ClientRead,29
1790339842,,idle,Client,ClientRead,1
1790339842,PostgreSQL JDBC Driver,active,CPU,CPU,1
1790339842,PostgreSQL JDBC Driver,idle,Client,ClientRead,29
1790339843,,idle,Client,ClientRead,1
1790339843,PostgreSQL JDBC Driver,idle,Client,ClientRead,30
1790339844,,idle,Client,ClientRead,1
1790339844,PostgreSQL JDBC Driver,idle,Client,ClientRead,30
1790339845,,idle,Client,ClientRead,1
1790339845,PostgreSQL JDBC Driver,idle,Client,ClientRead,30
1790339846,,idle,Client,ClientRead,1
1790339846,PostgreSQL JDBC Driver,idle,Client,ClientRead,30
1790339847,,idle,Client,ClientRead,1
1790339847,PostgreSQL JDBC Driver,idle,Client,ClientRead,30
1790339848,,idle,Client,ClientRead,1
1790339848,PostgreSQL JDBC Driver,active,CPU,CPU,1
1790339848,PostgreSQL JDBC Driver,idle,Client,ClientRead,29
1790339849,,idle,Client,ClientRead,1
1790339849,PostgreSQL JDBC Driver,active,CPU,CPU,1
1790339849,PostgreSQL JDBC Driver,idle,Client,ClientRead,29
1790339850,,idle,Client,ClientRead,1
1790339850,PostgreSQL JDBC Driver,active,CPU,CPU,1
1790339850,PostgreSQL JDBC Driver,idle,Client,ClientRead,29
1790339851,,idle,Client,ClientRead,1
1790339851,PostgreSQL JDBC Driver,active,CPU,CPU,1
1790339851,PostgreSQL JDBC Driver,idle,Client,ClientRead,29
1790339852,,idle,Client,ClientRead,1
1790339852,PostgreSQL JDBC Driver,idle,Client,ClientRead,30
1790339853,,idle,Client,ClientRead,1
1790339853,PostgreSQL JDBC Driver,idle,Client,ClientRead,30
1790339854,,idle,Client,ClientRead,1
1790339854,PostgreSQL JDBC Driver,idle,Client,ClientRead,30
1790339855,,idle,Client,ClientRead,1
1790339855,PostgreSQL JDBC Driver,idle,Client,ClientRead,30
1790339856,,idle,Client,ClientRead,1
1790339856,PostgreSQL JDBC Driver,idle,Client,ClientRead,30
1790339857,,idle,Client,ClientRead,1
1790339857,PostgreSQL JDBC Driver,active,CPU,CPU,1
1790339857,PostgreSQL JDBC Driver,idle,Client,ClientRead,29
1790339858,,idle,Client,ClientRead,1
1790339858,PostgreSQL JDBC Driver,active,CPU,CPU,1
1790339858,PostgreSQL JDBC Driver,idle,Client,ClientRead,29
1790339859,,idle,Client,ClientRead,1
1790339859,PostgreSQL JDBC Driver,active,CPU,CPU,1
1790339859,PostgreSQL JDBC Driver,idle,Client,ClientRead,29
1790339860,,idle,Client,ClientRead,1
1790339860,PostgreSQL JDBC Driver,active,CPU,CPU,1
1790339860,PostgreSQL JDBC Driver,idle,Client,ClientRead,29
1790339861,,idle,Client,ClientRead,1
1790339861,PostgreSQL JDBC Driver,idle,Client,ClientRead,30
1790339862,,idle,Client,ClientRead,1
1790339862,PostgreSQL JDBC Driver,idle,Client,ClientRead,30
1790339863,,idle,Client,ClientRead,1
1790339863,PostgreSQL JDBC Driver,idle,Client,ClientRead,30
1790339864,,idle,Client,ClientRead,1
1790339864,PostgreSQL JDBC Driver,idle,Client,ClientRead,30
1790339865,,idle,Client,ClientRead,1
1790339865,PostgreSQL JDBC Driver,idle,Client,ClientRead,30
1790339866,,idle,Client,ClientRead,1
1790339866,PostgreSQL JDBC Driver,active,CPU,CPU,1
1790339866,PostgreSQL JDBC Driver,idle,Client,ClientRead,29
1790339867,,idle,Client,ClientRead,1
1790339867,PostgreSQL JDBC Driver,active,CPU,CPU,1
1790339867,PostgreSQL JDBC Driver,idle,Client,ClientRead,29
1790339868,,idle,Client,ClientRead,1
1790339868,PostgreSQL JDBC Driver,active,CPU,CPU,1
1790339868,PostgreSQL JDBC Driver,idle,Client,ClientRead,29
1790339869,,idle,Client,ClientRead,1
1790339869,PostgreSQL JDBC Driver,active,CPU,CPU,1
1790339869,PostgreSQL JDBC Driver,idle,Client,ClientRead,29
1790339870,,idle,Client,ClientRead,1
1790339870,PostgreSQL JDBC Driver,idle,Client,ClientRead,30
1790339871,,idle,Client,ClientRead,1
1790339871,PostgreSQL JDBC Driver,idle,Client,ClientRead,30
1790339872,,idle,Client,ClientRead,1
1790339872,PostgreSQL JDBC Driver,idle,Client,ClientRead,30
1790339873,,idle,Client,ClientRead,1
1790339873,PostgreSQL JDBC Driver,idle,Client,ClientRead,30
1790339874,,idle,Client,ClientRead,1
1790339874,PostgreSQL JDBC Driver,idle,Client,ClientRead,30
1790339875,,idle,Client,ClientRead,1
1790339875,PostgreSQL JDBC Driver,active,CPU,CPU,1
1790339875,PostgreSQL JDBC Driver,idle,Client,ClientRead,29
1790339876,,idle,Client,ClientRead,1
1790339876,PostgreSQL JDBC Driver,active,CPU,CPU,1
1790339876,PostgreSQL JDBC Driver,idle,Client,ClientRead,29
1790339877,,idle,Client,ClientRead,1
1790339877,PostgreSQL JDBC Driver,active,CPU,CPU,1
1790339877,PostgreSQL JDBC Driver,idle,Client,ClientRead,29
1790339878,,idle,Client,ClientRead,1
1790339878,PostgreSQL JDBC Driver,active,CPU,CPU,1
1790339878,PostgreSQL JDBC Driver,idle,Client,ClientRead,29
1790339879,,idle,Client,ClientRead,1
1790339879,PostgreSQL JDBC Driver,idle,Client,ClientRead,30
1790339880,,idle,Client,ClientRead,1
1790339880,PostgreSQL JDBC Driver,idle,Client,ClientRead,30
1790339881,,idle,Client,ClientRead,1
1790339881,PostgreSQL JDBC Driver,idle,Client,ClientRead,30
1790339882,,idle,Client,ClientRead,1
1790339882,PostgreSQL JDBC Driver,idle,Client,ClientRead,30
1790339883,,idle,Client,ClientRead,1
1790339883,PostgreSQL JDBC Driver,idle,Client,ClientRead,30
1790339884,,idle,Client,ClientRead,1
1790339884,PostgreSQL JDBC Driver,active,CPU,CPU,1
1790339884,PostgreSQL JDBC Driver,idle,Client,ClientRead,29
1790339885,,idle,Client,ClientRead,1
1790339885,PostgreSQL JDBC Driver,active,CPU,CPU,1
1790339885,PostgreSQL JDBC Driver,idle,Client,ClientRead,29
1790339886,,idle,Client,ClientRead,1
1790339886,PostgreSQL JDBC Driver,active,CPU,CPU,1
1790339886,PostgreSQL JDBC Driver,idle,Client,ClientRead,29
1790339887,,idle,Client,ClientRead,1
1790339887,PostgreSQL JDBC Driver,active,CPU,CPU,1
1790339887,PostgreSQL JDBC Driver,idle,Client,ClientRead,29
1790339888,,idle,Client,ClientRead,1
1790339888,PostgreSQL JDBC Driver,idle,Client,ClientRead,30
1790339889,,idle,Client,ClientRead,1
1790339889,PostgreSQL JDBC Driver,idle,Client,ClientRead,30
1790339890,,idle,Client,ClientRead,1
1790339890,PostgreSQL JDBC Driver,idle,Client,ClientRead,30
1790339891,,idle,Client,ClientRead,1
1790339891,PostgreSQL JDBC Driver,idle,Client,ClientRead,30
1790339892,,idle,Client,ClientRead,1
1790339892,PostgreSQL JDBC Driver,idle,Client,ClientRead,30
1790339893,,idle,Client,ClientRead,1
1790339893,PostgreSQL JDBC Driver,active,CPU,CPU,1
1790339893,PostgreSQL JDBC Driver,idle,Client,ClientRead,29
1790339894,,idle,Client,ClientRead,1
1790339894,PostgreSQL JDBC Driver,active,CPU,CPU,1
1790339894,PostgreSQL JDBC Driver,idle,Client,ClientRead,29
1790339895,,idle,Client,ClientRead,1
1790339895,PostgreSQL JDBC Driver,active,CPU,CPU,1
1790339895,PostgreSQL JDBC Driver,idle,Client,ClientRead,29
1790339896,,idle,Client,ClientRead,1
1790339896,PostgreSQL JDBC Driver,active,CPU,CPU,1
1790339896,PostgreSQL JDBC Driver,idle,Client,ClientRead,29
1790339897,,idle,Client,ClientRead,1
1790339897,PostgreSQL JDBC Driver,idle,Client,ClientRead,30
1790339898,,idle,Client,ClientRead,1
1790339898,PostgreSQL JDBC Driver,idle,Client,ClientRead,30
1790339899,,idle,Client,ClientRead,1
1790339899,PostgreSQL JDBC Driver,idle,Client,ClientRead,30
1790339900,,idle,Client,ClientRead,1
1790339900,PostgreSQL JDBC Driver,idle,Client,ClientRead,30
1790339901,,idle,Client,ClientRead,1
1790339901,PostgreSQL JDBC Driver,active,CPU,CPU,1
1790339901,PostgreSQL JDBC Driver,idle,Client,ClientRead,29
1790339902,,idle,Client,ClientRead,1
1790339902,PostgreSQL JDBC Driver,active,CPU,CPU,1
1790339902,PostgreSQL JDBC Driver,idle,Client,ClientRead,29
1790339903,,idle,Client,ClientRead,1
1790339903,PostgreSQL JDBC Driver,active,CPU,CPU,1
1790339903,PostgreSQL JDBC Driver,idle,Client,ClientRead,29
1790339904,,idle,Client,ClientRead,1
1790339904,PostgreSQL JDBC Driver,active,CPU,CPU,1
1790339904,PostgreSQL JDBC Driver,idle,Client,ClientRead,29
1790339905,,idle,Client,ClientRead,1
1790339905,PostgreSQL JDBC Driver,idle,Client,ClientRead,30
1790339906,,idle,Client,ClientRead,1
1790339906,PostgreSQL JDBC Driver,idle,Client,ClientRead,30
1790339907,,idle,Client,ClientRead,1
1790339907,PostgreSQL JDBC Driver,idle,Client,ClientRead,30
1790339908,,idle,Client,ClientRead,1
1790339908,PostgreSQL JDBC Driver,idle,Client,ClientRead,30
1790339909,,idle,Client,ClientRead,1
1790339909,PostgreSQL JDBC Driver,idle,Client,ClientRead,30
1790339910,,idle,Client,ClientRead,1
1790339910,PostgreSQL JDBC Driver,active,CPU,CPU,1
1790339910,PostgreSQL JDBC Driver,idle,Client,ClientRead,29
1790339911,,idle,Client,ClientRead,1
1790339911,PostgreSQL JDBC Driver,active,CPU,CPU,1
1790339911,PostgreSQL JDBC Driver,idle,Client,ClientRead,29
1790339912,,idle,Client,ClientRead,1
1790339912,PostgreSQL JDBC Driver,active,CPU,CPU,1
1790339912,PostgreSQL JDBC Driver,idle,Client,ClientRead,29
1790339913,,idle,Client,ClientRead,1
1790339913,PostgreSQL JDBC Driver,active,CPU,CPU,1
1790339913,PostgreSQL JDBC Driver,idle,Client,ClientRead,29
1790339914,,idle,Client,ClientRead,1
1790339914,PostgreSQL JDBC Driver,idle,Client,ClientRead,30
1790339915,,idle,Client,ClientRead,1
1790339915,PostgreSQL JDBC Driver,idle,Client,ClientRead,30
1790339916,,idle,Client,ClientRead,1
1790339916,PostgreSQL JDBC Driver,idle,Client,ClientRead,30
1790339917,,idle,Client,ClientRead,1
1790339917,PostgreSQL JDBC Driver,idle,Client,ClientRead,30
1790339918,,idle,Client,ClientRead,1
1790339918,PostgreSQL JDBC Driver,idle,Client,ClientRead,30
1790339919,,idle,Client,ClientRead,1
1790339919,PostgreSQL JDBC Driver,active,CPU,CPU,1
1790339919,PostgreSQL JDBC Driver,idle,Client,ClientRead,29
1790339920,,idle,Client,ClientRead,1
1790339920,PostgreSQL JDBC Driver,active,CPU,CPU,1
1790339920,PostgreSQL JDBC Driver,idle,Client,ClientRead,29
1790339921,,idle,Client,ClientRead,1
1790339921,PostgreSQL JDBC Driver,active,CPU,CPU,1
1790339921,PostgreSQL JDBC Driver,idle,Client,ClientRead,29
1790339922,,idle,Client,ClientRead,1
1790339922,PostgreSQL JDBC Driver,active,CPU,CPU,1
1790339922,PostgreSQL JDBC Driver,idle,Client,ClientRead,29
